Workbook

Sheet Controle de Itens
J1: Resumo
B2: Controle de Itens de Venda | J2: Total de produtos | K2: =COUNTA(C6:C106) -> 11
B3: SKU gerado automaticamente: iniciais do produto + nº modelo + código de cor → ex: SKU-GB01BK | J3: Qtd. fornecida total | K3: =SUM(G6:G106) -> 14
J4: Qtd. vendida total | K4: =SUM(H6:H106) -> 2
B5: SKU | C5: Nome do Produto | D5: Nº Modelo | E5: Cor | F5: Valor (R$) | G5: Qtd. Fornecida (Pct) | H5: Qtd. Vendida | J5: Saldo em estoque | K5: =SUM(G6:G106)-SUM(H6:H106) -> 12
B6: =IF(OR(C6="",D6="",E6=""),"","SKU-"&UPPER(LEFT(C6,1)&IF(ISNUMBER(FIND(" ",C6)),MID(C6,FIND(" ",C6)+1,1),""))&TEXT(D6,"00")&IFERROR(VLOOKUP(E6,Cores!$A:$B,2,0),"??")) -> SKU-GB01WH | C6: Gancho Box | D6: 1 | E6: Branca | F6: 20 | G6: 2 | H6: 1 | J6: Valor total estoque | K6: =SUMPRODUCT(F6:F106,G6:G106) -> 315
B7: =IF(OR(C7="",D7="",E7=""),"","SKU-"&UPPER(LEFT(C7,1)&IF(ISNUMBER(FIND(" ",C7)),MID(C7,FIND(" ",C7)+1,1),""))&TEXT(D7,"00")&IFERROR(VLOOKUP(E7,Cores!$A:$B,2,0),"??")) -> SKU-GB01BK | C7: Gancho Box | D7: 1 | E7: Preta | F7: 20 | G7: 2
B8: =IF(OR(C8="",D8="",E8=""),"","SKU-"&UPPER(LEFT(C8,1)&IF(ISNUMBER(FIND(" ",C8)),MID(C8,FIND(" ",C8)+1,1),""))&TEXT(D8,"00")&IFERROR(VLOOKUP(E8,Cores!$A:$B,2,0),"??")) -> SKU-AG01YL | C8: Abridor Garrafas | D8: 1 | E8: Amarela | F8: 15 | G8: 1
B9: =IF(OR(C9="",D9="",E9=""),"","SKU-"&UPPER(LEFT(C9,1)&IF(ISNUMBER(FIND(" ",C9)),MID(C9,FIND(" ",C9)+1,1),""))&TEXT(D9,"00")&IFERROR(VLOOKUP(E9,Cores!$A:$B,2,0),"??")) -> SKU-AG01WH | C9: Abridor Garrafas | D9: 1 | E9: Branca | F9: 15 | G9: 1 | H9: 1
B10: =IF(OR(C10="",D10="",E10=""),"","SKU-"&UPPER(LEFT(C10,1)&IF(ISNUMBER(FIND(" ",C10)),MID(C10,FIND(" ",C10)+1,1),""))&TEXT(D10,"00")&IFERROR(VLOOKUP(E10,Cores!$A:$B,2,0),"??")) -> SKU-SD01GN | C10: Suporte Deslisante | D10: 1 | E10: Verde | F10: 15 | G10: 2
B11: =IF(OR(C11="",D11="",E11=""),"","SKU-"&UPPER(LEFT(C11,1)&IF(ISNUMBER(FIND(" ",C11)),MID(C11,FIND(" ",C11)+1,1),""))&TEXT(D11,"00")&IFERROR(VLOOKUP(E11,Cores!$A:$B,2,0),"??")) -> SKU-CG01BK | C11: Cabide Gravidade | D11: 1 | E11: Preta | F11: 30 | G11: 2
B12: =IF(OR(C12="",D12="",E12=""),"","SKU-"&UPPER(LEFT(C12,1)&IF(ISNUMBER(FIND(" ",C12)),MID(C12,FIND(" ",C12)+1,1),""))&TEXT(D12,"00")&IFERROR(VLOOKUP(E12,Cores!$A:$B,2,0),"??")) -> SKU-CG01WH | C12: Cabide Gravidade | D12: 1 | E12: Branca | F12: 30 | G12: 1
B13: =IF(OR(C13="",D13="",E13=""),"","SKU-"&UPPER(LEFT(C13,1)&IF(ISNUMBER(FIND(" ",C13)),MID(C13,FIND(" ",C13)+1,1),""))&TEXT(D13,"00")&IFERROR(VLOOKUP(E13,Cores!$A:$B,2,0),"??")) -> SKU-SC01RD | C13: Sporte Celular Coração | D13: 1 | E13: Vermelha | F13: 30 | G13: 1
B14: =IF(OR(C14="",D14="",E14=""),"","SKU-"&UPPER(LEFT(C14,1)&IF(ISNUMBER(FIND(" ",C14)),MID(C14,FIND(" ",C14)+1,1),""))&TEXT(D14,"00")&IFERROR(VLOOKUP(E14,Cores!$A:$B,2,0),"??")) -> SKU-BP01BG | C14: Bandeja Porta Joias | D14: 1 | E14: Bege | F14: 15 | G14: 1
B15: =IF(OR(C15="",D15="",E15=""),"","SKU-"&UPPER(LEFT(C15,1)&IF(ISNUMBER(FIND(" ",C15)),MID(C15,FIND(" ",C15)+1,1),""))&TEXT(D15,"00")&IFERROR(VLOOKUP(E15,Cores!$A:$B,2,0),"??")) -> SKU-OD01WH | C15: Ovo de Dragão | D15: 1 | E15: Branca | F15: 40 | G15: 1
B16: =IF(OR(C16="",D16="",E16=""),"","SKU-"&UPPER(LEFT(C16,1)&IF(ISNUMBER(FIND(" ",C16)),MID(C16,FIND(" ",C16)+1,1),""))&TEXT(D16,"00")&IFERROR(VLOOKUP(E16,Cores!$A:$B,2,0),"??")) -> SKU-CG01BK | C16: Caixa Grande SILK | D16: 1 | E16: Preta | F16: 60
B17: =IF(OR(C17="",D17="",E17=""),"","SKU-"&UPPER(LEFT(C17,1)&IF(ISNUMBER(FIND(" ",C17)),MID(C17,FIND(" ",C17)+1,1),""))&TEXT(D17,"00")&IFERROR(VLOOKUP(E17,Cores!$A:$B,2,0),"??"))
B18: =IF(OR(C18="",D18="",E18=""),"","SKU-"&UPPER(LEFT(C18,1)&IF(ISNUMBER(FIND(" ",C18)),MID(C18,FIND(" ",C18)+1,1),""))&TEXT(D18,"00")&IFERROR(VLOOKUP(E18,Cores!$A:$B,2,0),"??"))
B19: =IF(OR(C19="",D19="",E19=""),"","SKU-"&UPPER(LEFT(C19,1)&IF(ISNUMBER(FIND(" ",C19)),MID(C19,FIND(" ",C19)+1,1),""))&TEXT(D19,"00")&IFERROR(VLOOKUP(E19,Cores!$A:$B,2,0),"??"))
B20: =IF(OR(C20="",D20="",E20=""),"","SKU-"&UPPER(LEFT(C20,1)&IF(ISNUMBER(FIND(" ",C20)),MID(C20,FIND(" ",C20)+1,1),""))&TEXT(D20,"00")&IFERROR(VLOOKUP(E20,Cores!$A:$B,2,0),"??"))
B21: =IF(OR(C21="",D21="",E21=""),"","SKU-"&UPPER(LEFT(C21,1)&IF(ISNUMBER(FIND(" ",C21)),MID(C21,FIND(" ",C21)+1,1),""))&TEXT(D21,"00")&IFERROR(VLOOKUP(E21,Cores!$A:$B,2,0),"??"))
B22: =IF(OR(C22="",D22="",E22=""),"","SKU-"&UPPER(LEFT(C22,1)&IF(ISNUMBER(FIND(" ",C22)),MID(C22,FIND(" ",C22)+1,1),""))&TEXT(D22,"00")&IFERROR(VLOOKUP(E22,Cores!$A:$B,2,0),"??"))
B23: =IF(OR(C23="",D23="",E23=""),"","SKU-"&UPPER(LEFT(C23,1)&IF(ISNUMBER(FIND(" ",C23)),MID(C23,FIND(" ",C23)+1,1),""))&TEXT(D23,"00")&IFERROR(VLOOKUP(E23,Cores!$A:$B,2,0),"??"))
B24: =IF(OR(C24="",D24="",E24=""),"","SKU-"&UPPER(LEFT(C24,1)&IF(ISNUMBER(FIND(" ",C24)),MID(C24,FIND(" ",C24)+1,1),""))&TEXT(D24,"00")&IFERROR(VLOOKUP(E24,Cores!$A:$B,2,0),"??"))
B25: =IF(OR(C25="",D25="",E25=""),"","SKU-"&UPPER(LEFT(C25,1)&IF(ISNUMBER(FIND(" ",C25)),MID(C25,FIND(" ",C25)+1,1),""))&TEXT(D25,"00")&IFERROR(VLOOKUP(E25,Cores!$A:$B,2,0),"??"))
B26: =IF(OR(C26="",D26="",E26=""),"","SKU-"&UPPER(LEFT(C26,1)&IF(ISNUMBER(FIND(" ",C26)),MID(C26,FIND(" ",C26)+1,1),""))&TEXT(D26,"00")&IFERROR(VLOOKUP(E26,Cores!$A:$B,2,0),"??"))
B27: =IF(OR(C27="",D27="",E27=""),"","SKU-"&UPPER(LEFT(C27,1)&IF(ISNUMBER(FIND(" ",C27)),MID(C27,FIND(" ",C27)+1,1),""))&TEXT(D27,"00")&IFERROR(VLOOKUP(E27,Cores!$A:$B,2,0),"??"))
B28: =IF(OR(C28="",D28="",E28=""),"","SKU-"&UPPER(LEFT(C28,1)&IF(ISNUMBER(FIND(" ",C28)),MID(C28,FIND(" ",C28)+1,1),""))&TEXT(D28,"00")&IFERROR(VLOOKUP(E28,Cores!$A:$B,2,0),"??"))
... B106: =IF(OR(C106="",D106="",E106=""),"","SKU-"&UPPER(LEFT(C106,1)&IF(ISNUMBER(FIND(" ",C106)),MID(C106,FIND(" ",C106)+1,1),""))&TEXT(D106,"00")&IFERROR(VLOOKUP(E106,Cores!$A:$B,2,0),"??"))

Sheet Página1

Sheet Cores
A1: Cor (nome) | B1: Código
A2: Preta | B2: BK
A3: Branca | B3: WH
A4: Vermelha | B4: RD
A5: Azul | B5: BL
A6: Verde | B6: GN
A7: Amarela | B7: YL
A8: Rosa | B8: PK
A9: Cinza | B9: GY
A10: Laranja | B10: OR
A11: Marrom | B11: BR
A12: Bege | B12: BG
... A16: Transparente | B16: TR
